shallow_ap0_time,shallow_ap1_time,shallow_ap2_time,deep_ap0_time,deep_ap1_time,deep_ap2_time
4008.5261867046356,4397.585293531418,2224.6462292671204,4008.5261867046356,4126.288624286652,6044.170255899429
